title,category_path,local_xml_url
"Hi, DIYgod",Articles,https://diygod.cc/feed
tanscp,Articles,https://tanscp.com/feed/
Airing 的博客,Articles,https://ursb.me/blog/feed.xml
Rolen's Blog,Articles/个人博客-人生,https://rolen.wiki/feed/
Ben's Love,Articles/个人博客-人生,https://bens.love/feed
莫比乌斯,Articles/个人博客-人生,https://mobius.blog/feed/
白熊阿丸的小屋,Articles/个人博客-人生,https://blog.bxaw.name/feed/
草稿拾遗,Articles/个人博客-人生,https://kill-the-newsletter.com/feeds/t87xbbj6p4iwfhsi.xml
Paradise Lost,Articles,https://2890.ltd/feed/
笨方法学写作,Articles,https://www.cnfeat.com/feed.xml
豆瓣小组-无用美学,Articles,http://127.0.0.1:1200/douban/group/699356/essence
StarYuhen,Articles,https://www.yuhenm.top/feed/
少数派,Articles/优质信息源,http://127.0.0.1:1200/sspai/index
少数派 -- Matrix,Articles/优质信息源,http://127.0.0.1:1200/sspai/matrix
Experimental History,Articles,https://www.experimental-history.com/feed
Blog - Remote Work Prep,Articles,https://www.remoteworkprep.com/blog?format=rss
EVANGELION:ALL,Articles,https://www.eva-all.com/news/feed/
纵横四海,Articles,http://127.0.0.1:1200/xiaoyuzhou/podcast/62694abdb221dd5908417d1e
51吃瓜网 - 吃瓜爆料第一站，全网最快最全的吃瓜平台,Articles/其他,https://51cg1.com/feed/
今日热榜,Articles,https://web2rss.cc/feed/rebang.today?preview=true
安全代码,Articles,https://www.usmacd.com/atom.xml
老T博客,Articles,https://lawtee.com/index.xml
小众软件,Articles/科技与编程,https://www.appinn.com/feed/
HelloGithub - 月刊,Articles/科技与编程,http://127.0.0.1:1200/hellogithub/volume
宝玉的分享,Articles/科技与编程,https://s.baoyu.io/feed.xml
阮一峰的网络日志,Articles/科技与编程,https://feeds.feedburner.com/ruanyifeng
龙爪槐守望者,Articles/科技与编程,https://www.ftium4.com/rss.xml
十年之约聚合订阅,Articles/科技与编程,https://tool.bcrjl.com/snzy-rss/
#UNTAG,Articles/科技与编程,https://rss.utgd.net/feed/
混沌周刊,Articles/科技与编程,https://weekly.love/feed/atom
🔔科技频道[奇诺分享-ccino.org]⚡️,Articles/科技与编程,https://channel.ccino.org/rss.xml
猴猴说话,Articles/微信公众号,http://127.0.0.1:8003/feed/MP_WXS_3279284299.atom
潦草学者,Articles/微信公众号,http://127.0.0.1:8003/feed/MP_WXS_3239649460.atom
L先生说,Articles/微信公众号,http://127.0.0.1:8003/feed/MP_WXS_3015646136.atom
常青说,Articles/微信公众号,http://127.0.0.1:8003/feed/MP_WXS_3944297233.atom
啊桂实验室,Articles/微信公众号,http://127.0.0.1:8003/feed/MP_WXS_3097885397.atom
大问题Dialectic,Articles/微信公众号,http://127.0.0.1:8003/feed/MP_WXS_2391461928.atom
ONE字幕组,Articles/微信公众号,http://127.0.0.1:8003/feed/MP_WXS_3220087653.atom
everystep,Articles/微信公众号,http://127.0.0.1:8003/feed/MP_WXS_2396013984.atom
走路,Articles/微信公众号,http://127.0.0.1:8003/feed/MP_WXS_3097360004.atom
数字生命卡兹克,Articles/微信公众号,http://127.0.0.1:8003/feed/MP_WXS_3223096120.atom
AGI Hunt,Articles/微信公众号,http://127.0.0.1:8003/feed/MP_WXS_3087832081.atom
卡尔的AI沃茨,Articles/微信公众号,http://127.0.0.1:8003/feed/MP_WXS_3871977637.atom
赛博禅心,Articles/微信公众号,http://127.0.0.1:8003/feed/MP_WXS_3934419561.atom
AI产品黄叔,Articles/微信公众号,http://127.0.0.1:8003/feed/MP_WXS_2398553439.atom
网罗灯下黑,Articles/微信公众号,http://127.0.0.1:8003/feed/MP_WXS_3565037632.atom
苍何,Articles/微信公众号,http://127.0.0.1:8003/feed/MP_WXS_3585152880.atom
饼干哥哥AGI,Articles/微信公众号,http://127.0.0.1:8003/feed/MP_WXS_2394281674.atom
刘聪NLP,Articles/微信公众号,http://127.0.0.1:8003/feed/MP_WXS_3891555159.atom
AI产品阿颖,Articles/微信公众号,http://127.0.0.1:8003/feed/MP_WXS_3892772220.atom
01Founder,Articles/微信公众号,http://127.0.0.1:8003/feed/MP_WXS_3927644787.atom
AI故事计划,Articles/微信公众号,http://127.0.0.1:8003/feed/MP_WXS_3917501995.atom
十字路口Crossing,Articles/微信公众号,http://127.0.0.1:8003/feed/MP_WXS_3010319264.atom
沃垠AI,Articles/微信公众号,http://127.0.0.1:8003/feed/MP_WXS_3201599457.atom
阿伦AI学习笔记,Articles/微信公众号,http://127.0.0.1:8003/feed/MP_WXS_3957475902.atom
胡说成理,Articles/微信公众号,http://127.0.0.1:8003/feed/MP_WXS_3297021519.atom
云中江树,Articles/微信公众号,http://127.0.0.1:8003/feed/MP_WXS_3016599109.atom
秋芝2046,Articles/微信公众号,http://127.0.0.1:8003/feed/MP_WXS_3930567871.atom
AI产品银海,Articles/微信公众号,http://127.0.0.1:8003/feed/MP_WXS_3913528478.atom
哥飞,Articles/微信公众号,http://127.0.0.1:8003/feed/MP_WXS_2399233620.atom
探索AGI,Articles/微信公众号,http://127.0.0.1:8003/feed/MP_WXS_3916725964.atom
新智元,Articles/微信公众号,http://127.0.0.1:8003/feed/MP_WXS_3271041950.atom
量子位,Articles/微信公众号,http://127.0.0.1:8003/feed/MP_WXS_3236757533.atom
APPSO,Articles/微信公众号,http://127.0.0.1:8003/feed/MP_WXS_2392024520.atom
智东西,Articles/微信公众号,http://127.0.0.1:8003/feed/MP_WXS_3081486433.atom
雷峰网,Articles/微信公众号,http://127.0.0.1:8003/feed/MP_WXS_1368348621.atom
PaperWeekly,Articles/微信公众号,http://127.0.0.1:8003/feed/MP_WXS_3201788143.atom
甲子光年,Articles/微信公众号,http://127.0.0.1:8003/feed/MP_WXS_3599245772.atom
逛逛GitHub,Articles/微信公众号,http://127.0.0.1:8003/feed/MP_WXS_3516884134.atom
开源AI项目落地,Articles/微信公众号,http://127.0.0.1:8003/feed/MP_WXS_3921606804.atom
夕小瑶科技说,Articles/微信公众号,http://127.0.0.1:8003/feed/MP_WXS_3207765945.atom
Datawhale,Articles/微信公众号,http://127.0.0.1:8003/feed/MP_WXS_3226363426.atom
极客公园,Articles/微信公众号,http://127.0.0.1:8003/feed/MP_WXS_1304308441.atom
AIGC开放社区,Articles/微信公众号,http://127.0.0.1:8003/feed/MP_WXS_3873892677.atom
AI前线,Articles/微信公众号,http://127.0.0.1:8003/feed/MP_WXS_3554086560.atom
AI科技评论,Articles/微信公众号,http://127.0.0.1:8003/feed/MP_WXS_3098132220.atom
脑极体,Articles/微信公众号,http://127.0.0.1:8003/feed/MP_WXS_3515522183.atom
硅星人Pro,Articles/微信公众号,http://127.0.0.1:8003/feed/MP_WXS_3926568365.atom
特工宇宙,Articles/微信公众号,http://127.0.0.1:8003/feed/MP_WXS_3621654047.atom
光子星球,Articles/微信公众号,http://127.0.0.1:8003/feed/MP_WXS_3082518302.atom
CVer,Articles/微信公众号,http://127.0.0.1:8003/feed/MP_WXS_3516712416.atom
Z Potentials,Articles/微信公众号,http://127.0.0.1:8003/feed/MP_WXS_3285810954.atom
Z Finance,Articles/微信公众号,http://127.0.0.1:8003/feed/MP_WXS_3077513391.atom
晚点LatePost,Articles/微信公众号,http://127.0.0.1:8003/feed/MP_WXS_3572959446.atom
InfoQ,Articles/微信公众号,http://127.0.0.1:8003/feed/MP_WXS_2390142780.atom
机器之心,Articles/微信公众号,http://127.0.0.1:8003/feed/MP_WXS_3073282833.atom
Vista看天下,Articles/社评,https://plink.anyfeeder.com/weixin/vistaweek
Tinyfool的个人网站,Articles/社评,https://codechina.org/feed/
刘夙的科技世界,Articles/社评,https://wewe-rss.jerrylf.uk/feeds/MP_WXS_3002603832.json
三联生活周刊 Lifeweek,Articles/社评,https://the.bi/s/rawbbyu2zgmy32
时代观察 - 乌有之乡网刊,Articles/社评,http://127.0.0.1:1200/wyzxwk/article
一觉醒来发生了什么 - 即刻圈子,Articles/国内外资讯,http://127.0.0.1:1200/jike/topic/553870e8e4b0cafb0a1bef68
东西智库 – 专注中国制造业高质量发展,Articles/国内外资讯,http://127.0.0.1:1200/dx2025
中国政府网 - 最新政策,Articles/国内政策,http://127.0.0.1:1200/gov/zhengce/zuixin
- 政府文件库,Articles/国内政策,http://127.0.0.1:1200/gov/zhengce/zhengceku/bmwj
不如读书,Articles,https://wuyagege.substack.com/feed
Lukas Petersson’s blog,Articles,https://lukaspetersson.com/feed.xml
一亩三分地 - 日本热门帖子,Articles,http://127.0.0.1:1200/1point3acres/category/%E6%97%A5%E6%9C%AC
偷懒爱好者周刊,Articles,https://toolight.cn/open/p/weekly/atom.xml
GeekPlux Letters,Articles,https://letters.geekplux.com/rss/
信息差——独立开发者出海周刊,Articles,https://gapis.money/rss.xml
joojen Zhou 的网站,Articles,https://joojen.com/feed
周刊 归档 - 酷口家数字花园,Articles,https://weqoocu.com/feed
莫尔索随笔,Articles,https://liduos.com/atom.xml
Ahead of AI,Articles,https://magazine.sebastianraschka.com/feed
歸藏的AI工具箱,Articles,https://wechat2rss.bestblogs.dev/feed/1fc32fedbf5da37e8e819a9298ae80724c12cb03.xml
Kubernetes Blog,Articles,https://kubernetes.io/feed.xml
AI洞察日报 RSS Feed,Articles,https://justlovemaki.github.io/CloudFlare-AI-Insight-Daily/rss.xml
最新发布_共产党员网,Articles/党政信息,http://127.0.0.1:1200/12371/zxfb
新华社新闻_新华网,Articles/党政信息,https://plink.anyfeeder.com/newscn/whxw
半月谈快报,Articles/党政信息,https://data.getpodcast.xyz/data/ximalaya/9604235.xml
- 求是网,Articles/党政信息,https://plink.anyfeeder.com/qstheory
学习一下订阅源,Articles,http://127.0.0.1:1200/follow/profile/158883963341209600
Lex Fridman Podcast,Articles,https://lexfridman.com/feed/podcast/
Podnews Daily - podcast industry news,Articles,https://podnews.net/rss
新智元,Articles,https://raw.githubusercontent.com/osnsyc/Wechat-Scholar/main/channels/gh_108f2a2a27f4.xml
机器之心,Articles,https://www.jiqizhixin.com/rss
腾讯研究院,Articles,https://wechat2rss.bestblogs.dev/feed/6152301e0978bffb0a8284cab339262b9764dcfb.xml
极客公园,Articles,https://www.geekpark.net/rss
极客公园,Articles,https://wechat2rss.xlab.app/feed/1a5aec98e71c707c8ca092bc2c255b9d4bac477d.xml
simonwillison.net,Articles/英文博客,https://simonwillison.net/atom/everything/
jeffgeerling.com,Articles/英文博客,https://www.jeffgeerling.com/blog.xml
seangoedecke.com,Articles/英文博客,https://www.seangoedecke.com/rss.xml
krebsonsecurity.com,Articles/英文博客,https://krebsonsecurity.com/feed/
daringfireball.net,Articles/英文博客,https://daringfireball.net/feeds/main
ericmigi.com,Articles/英文博客,https://ericmigi.com/rss.xml
antirez.com,Articles/英文博客,http://antirez.com/rss
idiallo.com,Articles/英文博客,https://idiallo.com/feed.rss
maurycyz.com,Articles/英文博客,https://maurycyz.com/index.xml
pluralistic.net,Articles/英文博客,https://pluralistic.net/feed/
shkspr.mobi,Articles/英文博客,https://shkspr.mobi/blog/feed/
lcamtuf.substack.com,Articles/英文博客,https://lcamtuf.substack.com/feed
mitchellh.com,Articles/英文博客,https://mitchellh.com/feed.xml
dynomight.net,Articles/英文博客,https://dynomight.net/feed.xml
utcc.utoronto.ca/~cks,Articles/英文博客,https://utcc.utoronto.ca/~cks/space/blog/?atom
xeiaso.net,Articles/英文博客,https://xeiaso.net/blog.rss
devblogs.microsoft.com/oldnewthing,Articles/英文博客,https://devblogs.microsoft.com/oldnewthing/feed
righto.com,Articles/英文博客,https://www.righto.com/feeds/posts/default
lucumr.pocoo.org,Articles/英文博客,https://lucumr.pocoo.org/feed.atom
skyfall.dev,Articles/英文博客,https://skyfall.dev/rss.xml
garymarcus.substack.com,Articles/英文博客,https://garymarcus.substack.com/feed
rachelbythebay.com,Articles/英文博客,https://rachelbythebay.com/w/atom.xml
overreacted.io,Articles/英文博客,https://overreacted.io/rss.xml
timsh.org,Articles/英文博客,https://timsh.org/rss/
johndcook.com,Articles/英文博客,https://www.johndcook.com/blog/feed/
gilesthomas.com,Articles/英文博客,https://gilesthomas.com/feed/rss.xml
matklad.github.io,Articles/英文博客,https://matklad.github.io/feed.xml
derekthompson.org,Articles/英文博客,https://www.theatlantic.com/feed/author/derek-thompson/
evanhahn.com,Articles/英文博客,https://evanhahn.com/feed.xml
terriblesoftware.org,Articles/英文博客,https://terriblesoftware.org/feed/
rakhim.exotext.com,Articles/英文博客,https://rakhim.exotext.com/rss.xml
joanwestenberg.com,Articles/英文博客,https://joanwestenberg.com/rss
xania.org,Articles/英文博客,https://xania.org/feed
micahflee.com,Articles/英文博客,https://micahflee.com/feed/
nesbitt.io,Articles/英文博客,https://nesbitt.io/feed.xml
construction-physics.com,Articles/英文博客,https://www.construction-physics.com/feed
tedium.co,Articles/英文博客,https://feed.tedium.co/
susam.net,Articles/英文博客,https://susam.net/feed.xml
entropicthoughts.com,Articles/英文博客,https://entropicthoughts.com/feed.xml
buttondown.com/hillelwayne,Articles/英文博客,https://buttondown.com/hillelwayne/rss
dwarkesh.com,Articles/英文博客,https://www.dwarkeshpatel.com/feed
borretti.me,Articles/英文博客,https://borretti.me/feed.xml
wheresyoured.at,Articles/英文博客,https://www.wheresyoured.at/rss/
jayd.ml,Articles/英文博客,https://jayd.ml/feed.xml
minimaxir.com,Articles/英文博客,https://minimaxir.com/index.xml
geohot.github.io,Articles/英文博客,https://geohot.github.io/blog/feed.xml
paulgraham.com,Articles/英文博客,http://www.aaronsw.com/2002/feeds/pgessays.rss
filfre.net,Articles/英文博客,https://www.filfre.net/feed/
blog.jim-nielsen.com,Articles/英文博客,https://blog.jim-nielsen.com/feed.xml
dfarq.homeip.net,Articles/英文博客,https://dfarq.homeip.net/feed/
jyn.dev,Articles/英文博客,https://jyn.dev/atom.xml
geoffreylitt.com,Articles/英文博客,https://www.geoffreylitt.com/feed.xml
downtowndougbrown.com,Articles/英文博客,https://www.downtowndougbrown.com/feed/
brutecat.com,Articles/英文博客,https://brutecat.com/rss.xml
eli.thegreenplace.net,Articles/英文博客,https://eli.thegreenplace.net/feeds/all.atom.xml
abortretry.fail,Articles/英文博客,https://www.abortretry.fail/feed
fabiensanglard.net,Articles/英文博客,https://fabiensanglard.net/rss.xml
oldvcr.blogspot.com,Articles/英文博客,https://oldvcr.blogspot.com/feeds/posts/default
bogdanthegeek.github.io,Articles/英文博客,https://bogdanthegeek.github.io/blog/index.xml
hugotunius.se,Articles/英文博客,https://hugotunius.se/feed.xml
gwern.net,Articles/英文博客,https://gwern.substack.com/feed
berthub.eu,Articles/英文博客,https://berthub.eu/articles/index.xml
chadnauseam.com,Articles/英文博客,https://chadnauseam.com/rss.xml
simone.org,Articles/英文博客,https://simone.org/feed/
it-notes.dragas.net,Articles/英文博客,https://it-notes.dragas.net/feed/
beej.us,Articles/英文博客,https://beej.us/blog/rss.xml
hey.paris,Articles/英文博客,https://hey.paris/index.xml
danielwirtz.com,Articles/英文博客,https://danielwirtz.com/rss.xml
matduggan.com,Articles/英文博客,https://matduggan.com/rss/
refactoringenglish.com,Articles/英文博客,https://refactoringenglish.com/index.xml
worksonmymachine.substack.com,Articles/英文博客,https://worksonmymachine.substack.com/feed
philiplaine.com,Articles/英文博客,https://philiplaine.com/index.xml
steveblank.com,Articles/英文博客,https://steveblank.com/feed/
bernsteinbear.com,Articles/英文博客,https://bernsteinbear.com/feed.xml
danieldelaney.net,Articles/英文博客,https://danieldelaney.net/feed
troyhunt.com,Articles/英文博客,https://www.troyhunt.com/rss/
herman.bearblog.dev,Articles/英文博客,https://herman.bearblog.dev/feed/
tomrenner.com,Articles/英文博客,https://tomrenner.com/index.xml
blog.pixelmelt.dev,Articles/英文博客,https://blog.pixelmelt.dev/rss/
martinalderson.com,Articles/英文博客,https://martinalderson.com/feed.xml
danielchasehooper.com,Articles/英文博客,https://danielchasehooper.com/feed.xml
chiark.greenend.org.uk/~sgtatham,Articles/英文博客,https://www.chiark.greenend.org.uk/~sgtatham/quasiblog/feed.xml
grantslatton.com,Articles/英文博客,https://grantslatton.com/rss.xml
anildash.com,Articles/英文博客,https://anildash.com/feed.xml
aresluna.org,Articles/英文博客,https://aresluna.org/main.rss
michael.stapelberg.ch,Articles/英文博客,https://michael.stapelberg.ch/feed.xml
miguelgrinberg.com,Articles/英文博客,https://blog.miguelgrinberg.com/feed
keygen.sh,Articles/英文博客,https://keygen.sh/blog/feed.xml
mjg59.dreamwidth.org,Articles/英文博客,https://mjg59.dreamwidth.org/data/rss
computer.rip,Articles/英文博客,https://computer.rip/rss.xml
tedunangst.com,Articles/英文博客,https://www.tedunangst.com/flak/rss
Lil'Log,Articles/英文博客,https://lilianweng.github.io/index.xml
Very Small Woods,Articles/英文博客,https://www.verysmallwoods.com/feed.xml
小宇宙 Podcast 643928f99361a4e7c38a9555,Articles/播客,http://127.0.0.1:1200/xiaoyuzhou/podcast/643928f99361a4e7c38a9555
小宇宙 Podcast 61cbaac48bb4cd867fcabe22,Articles/播客,http://127.0.0.1:1200/xiaoyuzhou/podcast/61cbaac48bb4cd867fcabe22
小宇宙 Podcast 648b0b641c48983391a63f98,Articles/播客,http://127.0.0.1:1200/xiaoyuzhou/podcast/648b0b641c48983391a63f98
小宇宙 Podcast 5e5c52c9418a84a04625e6cc,Articles/播客,http://127.0.0.1:1200/xiaoyuzhou/podcast/5e5c52c9418a84a04625e6cc
小宇宙 Podcast 63b7dd49289d2739647d9587,Articles/播客,http://127.0.0.1:1200/xiaoyuzhou/podcast/63b7dd49289d2739647d9587
小宇宙 Podcast 6507bc165c88d2412626b401,Articles/播客,http://127.0.0.1:1200/xiaoyuzhou/podcast/6507bc165c88d2412626b401
图书推荐 – 书伴,SocialMedia,http://127.0.0.1:1200/bookfere/books
每周一书 – 书伴,SocialMedia,http://127.0.0.1:1200/bookfere/weekly
笔记交流站 - 即刻圈子,SocialMedia,http://127.0.0.1:1200/jike/topic/660165c504703c909c6d8b2e
你不知道的行业内幕 - 即刻圈子,SocialMedia/资讯,http://127.0.0.1:1200/jike/topic/5699f451d3e8351200bffdc8
Mike Krieger(@mikeyk),SocialMedia,https://api.xgo.ing/rss/user/78d7b99318b04b309b04000f7e24da29
Richard Socher(@RichardSocher),SocialMedia,https://api.xgo.ing/rss/user/4d2d4165a7524217a08d3f57f27fa190
Hugging Face(@huggingface),SocialMedia,https://api.xgo.ing/rss/user/fc16750ce50741f1b1f05ea1fb29436f
小互(@imxiaohu),SocialMedia,https://api.xgo.ing/rss/user/74e542992cf7441390c708f5601071d4
AI at Meta(@AIatMeta),SocialMedia,https://api.xgo.ing/rss/user/ef7c70f9568d45f4915169fef4ce90b4
Mistral AI(@MistralAI),SocialMedia,https://api.xgo.ing/rss/user/8d2d03aea8af49818096da4ea00409d1
xAI(@xai),SocialMedia,https://api.xgo.ing/rss/user/3953aa71e87a422eb9d7bf6ff1c7c43e
Dia(@diabrowser),SocialMedia,https://api.xgo.ing/rss/user/6384ee3c656c48fea5e8b3cdacece4d0
AI Breakfast(@AiBreakfast),SocialMedia,https://api.xgo.ing/rss/user/0e3ebaf288014c45b0d24b71fe37312b
DeepSeek(@deepseek_ai),SocialMedia,https://api.xgo.ing/rss/user/68b610deb24b47ae9a236811563cda86
Jim Fan(@DrJimFan),SocialMedia,https://api.xgo.ing/rss/user/c6cfe7c0d6b74849997073233fdea840
Akshay Kothari(@akothari),SocialMedia,https://api.xgo.ing/rss/user/3434c0d56ee0446f991fb6af42bfac4b
歸藏(guizang.ai)(@op7418),SocialMedia,https://api.xgo.ing/rss/user/831fac36aa0a49a9af79f35dc1c9b5d9
Notion(@NotionHQ),SocialMedia,https://api.xgo.ing/rss/user/f97a26863aec4425b021720d4f8e4ede
Replicate(@replicate),SocialMedia,https://api.xgo.ing/rss/user/12eba9c3db4940c5ab2a72bd00f9ff2c
lmarena.ai(@lmarena_ai),SocialMedia,https://api.xgo.ing/rss/user/f01b088d5a39473e854b07143df77ec5
Poe(@poe_platform),SocialMedia,https://api.xgo.ing/rss/user/17687b1051204b2dbaed4ea4c9178f28
Ray Dalio(@RayDalio),SocialMedia,https://api.xgo.ing/rss/user/4838204097ed422eac24ad48e68dc3ff
Arthur Mensch(@arthurmensch),SocialMedia,https://api.xgo.ing/rss/user/d8121d969fb34c7daad2dd2aac4ba270
Paul Graham(@paulg),SocialMedia,https://api.xgo.ing/rss/user/900549ddadf04e839d3f7a17ebaba3fc
Browser Use(@browser_use),SocialMedia,https://api.xgo.ing/rss/user/b8d7530f0b294405825013bbc1cc198f
The Rundown AI(@TheRundownAI),SocialMedia,https://api.xgo.ing/rss/user/83b1ea38940b4a1d81ea57d1ffb12ad7
AI Will(@FinanceYF5),SocialMedia,https://api.xgo.ing/rss/user/aa74321087f9405a872fd9a76b743bf8
Guillermo Rauch(@rauchg),SocialMedia,https://api.xgo.ing/rss/user/e8750659b8154dbfa0489f451e044af1
向阳乔木(@vista8),SocialMedia,https://api.xgo.ing/rss/user/9de19c78f7454ad08c956c1a00d237fe
Nick St. Pierre(@nickfloats),SocialMedia,https://api.xgo.ing/rss/user/6ebdf0d91eef4c149acd0ef110635866
Sahil Lavingia(@shl),SocialMedia,https://api.xgo.ing/rss/user/baad3713defe4182844d2756b4c2c9ed
Jan Leike(@janleike),SocialMedia,https://api.xgo.ing/rss/user/dceb5cd131b34c72a8376cba8ea5d864
Gary Marcus(@GaryMarcus),SocialMedia,https://api.xgo.ing/rss/user/35a38c5646d946fb894d8c30c1d9629e
Monica_IM(@hey_im_monica),SocialMedia,https://api.xgo.ing/rss/user/5d749cc613ec4069bb2a47334739e1b6
Lenny Rachitsky(@lennysan),SocialMedia,https://api.xgo.ing/rss/user/77d5ce4736854b0ebae603e4b54d3095
Kling AI(@Kling_ai),SocialMedia,https://api.xgo.ing/rss/user/564237c3de274d58a04f064920817888
Lilian Weng(@lilianweng),SocialMedia,https://api.xgo.ing/rss/user/a8f7e2238039461cbc8bf55f5f194498
Aadit Sheth(@aaditsh),SocialMedia,https://api.xgo.ing/rss/user/179bcc4b8e5d4274b6e9e935f9fd4434
Augment Code(@augmentcode),SocialMedia,https://api.xgo.ing/rss/user/e153fdd077df458b8298d975c060dcc3
Skywork(@Skywork_ai),SocialMedia,https://api.xgo.ing/rss/user/6d7d398dd80b48d79669c92745d32cf6
Firecrawl(@firecrawl_dev),SocialMedia,https://api.xgo.ing/rss/user/c04abb206bbf4f91b22795024d6c0614
Adam D'Angelo(@adamdangelo),SocialMedia,https://api.xgo.ing/rss/user/3042b6f912b24f64982cc23f7bd59681
Suhail(@Suhail),SocialMedia,https://api.xgo.ing/rss/user/c961547e08df4396b3ab69367a07a1cd
Sualeh Asif(@sualehasif996),SocialMedia,https://api.xgo.ing/rss/user/fafa6df3c67644b1a367a177240e0173
Anthropic(@AnthropicAI),SocialMedia,https://api.xgo.ing/rss/user/fc28a211471b496682feff329ec616e5
AI Engineer(@aiDotEngineer),SocialMedia,https://api.xgo.ing/rss/user/7d19a619a1cc4a9896129211269d2c85
Hailuo AI (MiniMax)(@Hailuo_AI),SocialMedia,https://api.xgo.ing/rss/user/e65b5e59fcb544918c1ba17f5758f0f8
Fireworks AI(@FireworksAI_HQ),SocialMedia,https://api.xgo.ing/rss/user/9f35c76341554bd78c2b9e63dc4fa5d8
Justine Moore(@venturetwins),SocialMedia,https://api.xgo.ing/rss/user/c61046471f174d86bc0eb76cb44a21c3
OpenAI Developers(@OpenAIDevs),SocialMedia,https://api.xgo.ing/rss/user/971dc1fc90da449bac23e5fad8a33d55
bolt.new(@boltdotnew),SocialMedia,https://api.xgo.ing/rss/user/760ab7cd9708452c9ce1f9144b92a430
Midjourney(@midjourney),SocialMedia,https://api.xgo.ing/rss/user/72dd496bfd9d44c5a5761a974630376d
eric zakariasson(@ericzakariasson),SocialMedia,https://api.xgo.ing/rss/user/65f321be670b4ffba7f40d0afd38c94d
Sam Altman(@sama),SocialMedia,https://api.xgo.ing/rss/user/e30d4cd223f44bed9d404807105c8927
clem &#129303;(@ClementDelangue),SocialMedia,https://api.xgo.ing/rss/user/5dbd038a8f5140938d0877511571797b
LangChain(@LangChainAI),SocialMedia,https://api.xgo.ing/rss/user/862fee50a745423c87e2633b274caf1d
orange.ai(@oran_ge),SocialMedia,https://api.xgo.ing/rss/user/0277b0bbefd54df7bc6b7880122da8f7
Dario Amodei(@DarioAmodei),SocialMedia,https://api.xgo.ing/rss/user/49666ce6fe3e4cb786c6574684542ec5
Geoffrey Hinton(@geoffreyhinton),SocialMedia,https://api.xgo.ing/rss/user/cb6169815e2e447e8e6148a4af3f9686
Harrison Chase(@hwchase17),SocialMedia,https://api.xgo.ing/rss/user/f299207df53745bca04a03db8d11c5aa
Kevin Weil &#127482;&#127480;(@kevinweil),SocialMedia,https://api.xgo.ing/rss/user/3ca3c7698fd04611a0e7d14fae93c84c
Jeff Dean(@JeffDean),SocialMedia,https://api.xgo.ing/rss/user/b1013166769c49f8aa3fbdc222867054
Perplexity(@perplexity_ai),SocialMedia,https://api.xgo.ing/rss/user/fdd601ea751949e7bec9e4cdad7c8e6c
ChatGPT(@ChatGPTapp),SocialMedia,https://api.xgo.ing/rss/user/f7992687b8d74b14bf2341eb3a0a5ec4
Berkeley AI Research(@berkeley_ai),SocialMedia,https://api.xgo.ing/rss/user/6bbf31cac345443585c3280320ba9009
Paul Couvert(@itsPaulAi),SocialMedia,https://api.xgo.ing/rss/user/b9912ac9a29042cf8c834419dc44cb1f
Barsee &#128054;(@heyBarsee),SocialMedia,https://api.xgo.ing/rss/user/244eb9fa77ce4fa3b7fa5ceba80027a4
OpenAI(@OpenAI),SocialMedia,https://api.xgo.ing/rss/user/0c0856a69f9f49cf961018c32a0b0049
Binyuan Hui(@huybery),SocialMedia,https://api.xgo.ing/rss/user/f54b2b40185943ce8f48a880110b7bc2
cohere(@cohere),SocialMedia,https://api.xgo.ing/rss/user/462aa134ed914f98b3491680ad9b36ed
Aman Sanger(@amanrsanger),SocialMedia,https://api.xgo.ing/rss/user/a02496979a0e4d86baf2b72c24db52a4
Simon Willison(@simonw),SocialMedia,https://api.xgo.ing/rss/user/30ad80be93c84e44acc37d5ddf31db57
Microsoft Research(@MSFTResearch),SocialMedia,https://api.xgo.ing/rss/user/61f4b78554fb4b8fa5653ec5d924d15a
Yann LeCun(@ylecun),SocialMedia,https://api.xgo.ing/rss/user/f5f4f928dede472ea55053672ad27ab6
Junyang Lin(@JustinLin610),SocialMedia,https://api.xgo.ing/rss/user/082097117b4543e9a741cd2580f936d3
Alex Albert(@alexalbert__),SocialMedia,https://api.xgo.ing/rss/user/524525de0d69407b80f0a7d891fdc8df
Aravind Srinivas(@AravSrinivas),SocialMedia,https://api.xgo.ing/rss/user/59e6b63ae9684d11be0ae13d9e7420f2
Genspark(@genspark_ai),SocialMedia,https://api.xgo.ing/rss/user/71ffd342cb5d478185ef7d55bdfca011
Greg Brockman(@gdb),SocialMedia,https://api.xgo.ing/rss/user/af19d054e26a49129f23abfa82d9e268
elvis(@omarsar0),SocialMedia,https://api.xgo.ing/rss/user/931d6e88e067496cac6bf23f69d60f33
Google AI(@GoogleAI),SocialMedia,https://api.xgo.ing/rss/user/4de0bd2d5cef4333a0260dc8157054a7
LlamaIndex &#129433;(@llama_index),SocialMedia,https://api.xgo.ing/rss/user/67e259bd5be544ce84bbc867eace54c2
Jerry Liu(@jerryjliu0),SocialMedia,https://api.xgo.ing/rss/user/b3d904c0d7c446558ef3a1e7f2eb362b
Marc Andreessen &#127482;&#127480;(@pmarca),SocialMedia,https://api.xgo.ing/rss/user/63316630d94543f5a6480f230f483008
Justin Welsh(@thejustinwelsh),SocialMedia,https://api.xgo.ing/rss/user/58894bf2934a426ca833c682da2bc810
Pika(@pika_labs),SocialMedia,https://api.xgo.ing/rss/user/3306d8b253ec4e03aca3c2e9967e7119
Sundar Pichai(@sundarpichai),SocialMedia,https://api.xgo.ing/rss/user/8324d65a63dc42c584a8c08cc8323c9f
Lovable(@lovable_dev),SocialMedia,https://api.xgo.ing/rss/user/639cd13d44284e10ac89fbd1c5399767
cat(@_catwu),SocialMedia,https://api.xgo.ing/rss/user/66a6b39ddcfa42e39621e0ab293c1bdd
Anton Osika – eu/acc(@antonosika),SocialMedia,https://api.xgo.ing/rss/user/5f13b32b124a41cfb659f903a84032b1
Replit ⠕(@Replit),SocialMedia,https://api.xgo.ing/rss/user/613f859e4bc440c5a28f40732840f5cf
FlowiseAI(@FlowiseAI),SocialMedia,https://api.xgo.ing/rss/user/be74da51698d4cefb12b39830d6cd201
a16z(@a16z),SocialMedia,https://api.xgo.ing/rss/user/f3fedf817599470dbf8d8d11f0872475
李继刚(@lijigang_com),SocialMedia,https://api.xgo.ing/rss/user/ca2fa444b6ea4b8b974fe148056e497a
Jina AI(@JinaAI_),SocialMedia,https://api.xgo.ing/rss/user/f510f6e7eecf456ca7e2895a46752888
v0(@v0),SocialMedia,https://api.xgo.ing/rss/user/dbf37973e6fc4eae91d4be9669a78fc7
Andrej Karpathy(@karpathy),SocialMedia,https://api.xgo.ing/rss/user/edf707b5c0b248579085f66d7a3c5524
Fei-Fei Li(@drfeifei),SocialMedia,https://api.xgo.ing/rss/user/a4bfe44bfc0d4c949da21ebd3f5f42a5
DeepLearning.AI(@DeepLearningAI),SocialMedia,https://api.xgo.ing/rss/user/42e6b4901b97498eab2ab64c07d56177
Rowan Cheung(@rowancheung),SocialMedia,https://api.xgo.ing/rss/user/a636de3cbda0495daabd15b9fd298614
Latent.Space(@latentspacepod),SocialMedia,https://api.xgo.ing/rss/user/a7be8b61a1264ea7984abfaea3eff686
Ideogram(@ideogram_ai),SocialMedia,https://api.xgo.ing/rss/user/a719880fe66e4156a111187f50dae91b
Demis Hassabis(@demishassabis),SocialMedia,https://api.xgo.ing/rss/user/4a884d5e2f3740c5a26c9c093de6388a
Cognition(@cognition_labs),SocialMedia,https://api.xgo.ing/rss/user/4cc14cbd15c74e189d537c415369e1a7
andrew chen(@andrewchen),SocialMedia,https://api.xgo.ing/rss/user/a3eb6beb2d894da3a9b7ab6d2e46790e
NVIDIA AI(@NVIDIAAI),SocialMedia,https://api.xgo.ing/rss/user/05f1492e43514dc3862a076d3697c390
Stanford AI Lab(@StanfordAILab),SocialMedia,https://api.xgo.ing/rss/user/d5fc365556e641cba2278f501e8c6f92
Varun Mohan(@_mohansolo),SocialMedia,https://api.xgo.ing/rss/user/7794c4268a504019a94af1778857a703
Logan Kilpatrick(@OfficialLoganK),SocialMedia,https://api.xgo.ing/rss/user/4f63d960de644aeebd0aa97e4994dafe
Qdrant(@qdrant_engine),SocialMedia,https://api.xgo.ing/rss/user/a55f6e33dd224235aabaabaaf9d58a06
OpenRouter(@OpenRouterAI),SocialMedia,https://api.xgo.ing/rss/user/e503a90c035c4b1d8f8dd34907d15bf4
Thomas Wolf(@Thom_Wolf),SocialMedia,https://api.xgo.ing/rss/user/4918efb13c47459b8dcaa79cfdf72d09
mem0(@mem0ai),SocialMedia,https://api.xgo.ing/rss/user/94bb691baeff461686326af619beb116
Scott Wu(@ScottWu46),SocialMedia,https://api.xgo.ing/rss/user/5fca8ccd87344d388bc863304ed6fd86
Recraft(@recraftai),SocialMedia,https://api.xgo.ing/rss/user/acc648327c614d9b985b9fc3d737165b
Hunyuan(@TXhunyuan),SocialMedia,https://api.xgo.ing/rss/user/6e8e7b42cb434818810f87bcf77d86fb
Google DeepMind(@GoogleDeepMind),SocialMedia,https://api.xgo.ing/rss/user/a99538443a484fcc846bdcc8f50745ec
Mustafa Suleyman(@mustafasuleyman),SocialMedia,https://api.xgo.ing/rss/user/394acfaff8c44e09936f5bc0b8504f2c
Y Combinator(@ycombinator),SocialMedia,https://api.xgo.ing/rss/user/b1ab109f6afd42ab8ea32e17a19a3a3e
Lex Fridman(@lexfridman),SocialMedia,https://api.xgo.ing/rss/user/adf65931519340f795e2336910b4cd15
Fellou(@FellouAI),SocialMedia,https://api.xgo.ing/rss/user/326763c2f6154826babcfd71c5ab0f70
Runway(@runwayml),SocialMedia,https://api.xgo.ing/rss/user/e6bb4f612dd24db5bc1a6811e6dd5820
Julien Chaumond(@julien_c),SocialMedia,https://api.xgo.ing/rss/user/44d9fa384087448a94d3c8595f8d535e
宝玉(@dotey),SocialMedia,https://api.xgo.ing/rss/user/97f1484ae48c430fbbf3438099743674
Milvus(@milvusio),SocialMedia,https://api.xgo.ing/rss/user/424e67b19eed4500b7a440976bbd2ade
Ian Goodfellow(@goodfellow_ian),SocialMedia,https://api.xgo.ing/rss/user/57831559d22440debbfb2f2528e4ba84
Taranjeet(@taranjeetio),SocialMedia,https://api.xgo.ing/rss/user/2de92402f4a24c90bb27e7580b93a878
Figma(@figma),SocialMedia,https://api.xgo.ing/rss/user/f8a106a09a7d404fb8de7eb0c5ddd2a2
Patrick Loeber(@patloeber),SocialMedia,https://api.xgo.ing/rss/user/c65c68f3713747bba863f92d6b5e996f
Windsurf(@windsurf_ai),SocialMedia,https://api.xgo.ing/rss/user/4a8273800ed34a069eecdb6c5c1b9ccf
Google AI Developers(@googleaidevs),SocialMedia,https://api.xgo.ing/rss/user/69d925d4a8d44221b03eecbe07bd0f74
Qwen(@Alibaba_Qwen),SocialMedia,https://api.xgo.ing/rss/user/80032d016d654eb4afe741ff34b7643d
Satya Nadella(@satyanadella),SocialMedia,https://api.xgo.ing/rss/user/baa68dbd9a9e461a96fd9b2e3f35dcbf
Andrew Ng(@AndrewYNg),SocialMedia,https://api.xgo.ing/rss/user/08b5488b20bc437c8bfc317a52e5c26d
AI SDK(@aisdk),SocialMedia,https://api.xgo.ing/rss/user/22af005b21ec45b1a4503acca777b7f0
HeyGen(@HeyGen_Official),SocialMedia,https://api.xgo.ing/rss/user/a9aff6b016c143ed8728dd86eb70d7db
Fish Audio(@FishAudio),SocialMedia,https://api.xgo.ing/rss/user/4900b3dcd592424687582ff9e0f148ea
ElevenLabs(@elevenlabsio),SocialMedia,https://api.xgo.ing/rss/user/1897eed387064dfab443764d6da50bc6
ollama(@ollama),SocialMedia,https://api.xgo.ing/rss/user/6326c63a2dfa445bbde88bea0c3112c2
Philipp Schmid(@_philschmid),SocialMedia,https://api.xgo.ing/rss/user/ce352bbf72e44033985bc756db2ee0e2
Cursor(@cursor_ai),SocialMedia,https://api.xgo.ing/rss/user/5287b4e0e13a4ab7ab7b1d56f9d88960
Google Gemini App(@GeminiApp),SocialMedia,https://api.xgo.ing/rss/user/6fb337feeec44ca38b79491b971d868d
Amjad Masad(@amasad),SocialMedia,https://api.xgo.ing/rss/user/5fb1814c610c4af2911caa98c5c5ef82
AK(@_akhaliq),SocialMedia,https://api.xgo.ing/rss/user/341f7b9f8d9b477e8bb200caa7f32c6e
Groq Inc(@GroqInc),SocialMedia,https://api.xgo.ing/rss/user/771b32075fe54a83bdb6966de9647b4f
ManusAI(@ManusAI_HQ),SocialMedia,https://api.xgo.ing/rss/user/320181c4651a41a08015946b55f704ab
meng shao(@shao__meng),SocialMedia,https://api.xgo.ing/rss/user/48aae530e0bf413aa7d44380f418e2e3
Weaviate • vector database(@weaviate_io),SocialMedia,https://api.xgo.ing/rss/user/2f1035ec6b28475987af06b600e1d04c
LovartAI(@lovart_ai),SocialMedia,https://api.xgo.ing/rss/user/db648e4d4eae4822aa0d34f0faef7ad2
Character.AI(@character_ai),SocialMedia,https://api.xgo.ing/rss/user/3877c31cdb554cffb750b3b683c98c4d
NotebookLM(@NotebookLM),SocialMedia,https://api.xgo.ing/rss/user/221a88341acb475db221a12fed8208d0
Dify(@dify_ai),SocialMedia,https://api.xgo.ing/rss/user/0be252fedbe84ad7bea21be44b18da89
Eric Jing(@ericjing_ai),SocialMedia,https://api.xgo.ing/rss/user/ddfdcdd4e390495c942f0b5da62af0fb
Naval(@naval),SocialMedia,https://api.xgo.ing/rss/user/b43bc203409e4c5a9c3ae86fe1ac00c9
Twitter @Tom Huang,SocialMedia,http://127.0.0.1:1200/twitter/user/tuturetom
Twitter @Tw93,SocialMedia,http://127.0.0.1:1200/twitter/user/HiTw93
Twitter @ginobefun,SocialMedia,http://127.0.0.1:1200/twitter/user/hongming731
Twitter @Theo - t3.gg,SocialMedia,http://127.0.0.1:1200/twitter/user/theo
Lee Robinson(@leerob),SocialMedia,https://api.xgo.ing/rss/user/dc2426bc8348495189b45451d1707a1c
Twitter @Pietro Schirano,SocialMedia,http://127.0.0.1:1200/twitter/user/skirano
每日一图-北京天文馆,Pictures/星空,http://127.0.0.1:1200/bjp/apod
NASA中文 - 天文·每日一图,Pictures/星空,http://127.0.0.1:1200/nasa/apod-cn
AliAbdaal,Videos/长知识,http://127.0.0.1:1200/bilibili/user/video/3546581580122806
食事史馆,Videos/长知识,http://127.0.0.1:1200/bilibili/user/video/53737196
毕导,Videos/长知识,http://127.0.0.1:1200/bilibili/user/video/254463269
CoCoVii,Videos/长知识,http://127.0.0.1:1200/bilibili/user/video/9142182
下班的三爷,Videos/长知识,http://127.0.0.1:1200/bilibili/user/video/589388395
本子在隔壁,Videos/长知识,http://127.0.0.1:1200/bilibili/user/video/593251783
岱川博士,Videos/长知识,http://127.0.0.1:1200/bilibili/user/video/584630077
退役编辑雨上,Videos/长知识,http://127.0.0.1:1200/bilibili/user/video/1105429038
与书籍度过漫长岁月,Videos/长知识,http://127.0.0.1:1200/bilibili/user/video/252099076
智能路障,Videos/长知识,http://127.0.0.1:1200/bilibili/user/video/79577853
Nenly同学,Videos/长知识,http://127.0.0.1:1200/bilibili/user/video/1814756990
大问题Dialectic,Videos/长知识,http://127.0.0.1:1200/bilibili/user/video/1871365234
英语播客狗,Videos/长知识,http://127.0.0.1:1200/bilibili/user/video/7671890
林川登罗,Videos/长知识,http://127.0.0.1:1200/bilibili/user/video/3798056
人间自习室,Videos/长知识,http://127.0.0.1:1200/bilibili/user/video/29240784
漫士沉思录,Videos/长知识,http://127.0.0.1:1200/bilibili/user/video/266765166
银屏系漫游指南,Videos/长知识,http://127.0.0.1:1200/bilibili/user/video/674180538
浮世叁千问,Videos/长知识,http://127.0.0.1:1200/bilibili/user/video/435061656
LunaticMosfet,Videos/长知识,http://127.0.0.1:1200/bilibili/user/video/1297592012
歌白说Geslook,Videos/长知识,http://127.0.0.1:1200/bilibili/user/video/315846984
Larry想做技术大佬,Videos/长知识,http://127.0.0.1:1200/bilibili/user/video/19873195
赏味不足,Videos/长知识,http://127.0.0.1:1200/bilibili/user/video/44497027
西山在何许,Videos/长知识,http://127.0.0.1:1200/bilibili/user/video/2515311
坚果熊说博弈,Videos/长知识,http://127.0.0.1:1200/bilibili/user/video/388394328
罗明落ny,Videos/长知识,http://127.0.0.1:1200/bilibili/user/video/405303082
汤质看本质,Videos/长知识,http://127.0.0.1:1200/bilibili/user/video/362588980
要素分析,Videos/长知识,http://127.0.0.1:1200/bilibili/user/video/14262056
蒙克MK_,Videos/长知识,http://127.0.0.1:1200/bilibili/user/video/1060986358
Morpheus红丸主义,Videos/长知识,http://127.0.0.1:1200/bilibili/user/video/445634559
慢慢学的四饼,Videos/长知识,http://127.0.0.1:1200/bilibili/user/video/95240876
辰星杂谈,Videos/长知识,http://127.0.0.1:1200/bilibili/user/video/41018196
非卿漫谈,Videos/长知识,http://127.0.0.1:1200/bilibili/user/video/2690044
拣尽南枝,Videos/长知识,http://127.0.0.1:1200/bilibili/user/video/39597640
硬核学长2077,Videos/长知识,http://127.0.0.1:1200/bilibili/user/video/1195497797
海林A读书,Videos/长知识,http://127.0.0.1:1200/bilibili/user/video/3494374304385046
机器人夏先生1号,Videos/长知识,http://127.0.0.1:1200/bilibili/user/video/31656484
知识共享者,Videos/长知识,http://127.0.0.1:1200/bilibili/user/video/406068046
Maki的完美算术教室,Videos/长知识,http://127.0.0.1:1200/bilibili/user/video/391930545
心河摆渡,Videos/长知识,http://127.0.0.1:1200/bilibili/user/video/230983435
猴猴说话,Videos/长知识,http://127.0.0.1:1200/bilibili/user/video/31728620
3Blue1Brown,Videos/长知识,http://127.0.0.1:1200/bilibili/user/video/88461692
思维实验室,Videos/长知识,http://127.0.0.1:1200/bilibili/user/video/14583962
是落拓呀,Videos/长知识,http://127.0.0.1:1200/bilibili/user/video/43276908
学院派Academia,Videos/长知识,http://127.0.0.1:1200/bilibili/user/video/96639395
和张程一起学习吧,Videos/长知识,http://127.0.0.1:1200/bilibili/user/video/631899631
读书的Harry,Videos/长知识,http://127.0.0.1:1200/bilibili/user/video/611092306
小波心理,Videos/长知识,http://127.0.0.1:1200/bilibili/user/video/1033890839
科幻视界,Videos/长知识,http://127.0.0.1:1200/bilibili/user/video/25073738
差评君,Videos/长知识,http://127.0.0.1:1200/bilibili/user/video/19319172
迷因水母,Videos/长知识,http://127.0.0.1:1200/bilibili/user/video/1858861103
努力戒咕的coco锤,Videos/长知识,http://127.0.0.1:1200/bilibili/user/video/470585121
河口超人Aper,Videos/长知识,http://127.0.0.1:1200/bilibili/user/video/1288663494
荒野初研园,Videos/长知识,http://127.0.0.1:1200/bilibili/user/video/252411834
二次元的Datawhale,Videos/长知识,http://127.0.0.1:1200/bilibili/user/video/431850986
白染one,Videos/长知识,http://127.0.0.1:1200/bilibili/user/video/476051104
卡纸大寨主,Videos/长知识,http://127.0.0.1:1200/bilibili/user/video/17780825
向杨Alan君,Videos/长知识,http://127.0.0.1:1200/bilibili/user/video/495979610
奥德修斯的绳索,Videos/长知识,http://127.0.0.1:1200/bilibili/user/video/14004258
岺玖贰叁,Videos/长知识,http://127.0.0.1:1200/bilibili/user/video/521296768
新石器公园,Videos/长知识,http://127.0.0.1:1200/bilibili/user/video/489640651
载脑体,Videos/长知识,http://127.0.0.1:1200/bilibili/user/video/1850874570
YouTube深度访谈,Videos/长知识,http://127.0.0.1:1200/bilibili/user/video/3493286931073848
天才简史,Videos/长知识,http://127.0.0.1:1200/bilibili/user/video/213845897
这是个令人疑惑的星球,Videos/长知识,http://127.0.0.1:1200/bilibili/user/video/409842788
周侃侃plus,Videos/长知识,http://127.0.0.1:1200/bilibili/user/video/600428973
focus2flow,Videos/长知识,http://127.0.0.1:1200/bilibili/user/video/17549684
飞鸟手札,Videos/短知识,http://127.0.0.1:1200/bilibili/user/video/1366786686
英语播客党,Videos/短知识,http://127.0.0.1:1200/bilibili/user/video/3537109151386355
波士顿圆脸,Videos/最娱乐,http://127.0.0.1:1200/bilibili/user/video/346563107
瓶子君152,Videos/最娱乐,http://127.0.0.1:1200/bilibili/user/video/730732
Super也好君,Videos/最娱乐,http://127.0.0.1:1200/bilibili/user/video/1372433
负面能量转换器,Videos/最娱乐,http://127.0.0.1:1200/bilibili/user/video/281127303
靠谱电竞,Videos/最娱乐,http://127.0.0.1:1200/bilibili/user/video/279991456
火兰朋克,Videos/最娱乐,http://127.0.0.1:1200/bilibili/user/video/508215481
馆长刘下饭_环球档案,Videos/最娱乐,http://127.0.0.1:1200/bilibili/user/video/369564778
老实憨厚的笑笑,Videos/最娱乐,http://127.0.0.1:1200/bilibili/user/video/8739477
冲击波工作室,Videos/最娱乐,http://127.0.0.1:1200/bilibili/user/video/1567045834
邵艾伦Alan,Videos/最娱乐,http://127.0.0.1:1200/bilibili/user/video/4029133
柯洁,Videos/最娱乐,http://127.0.0.1:1200/bilibili/user/video/525952604
逗比的雀巢,Videos/最娱乐,http://127.0.0.1:1200/bilibili/user/video/5294454
大祥哥来了,Videos/最娱乐,http://127.0.0.1:1200/bilibili/user/video/2920960
Norah脱口秀,Videos/最娱乐,http://127.0.0.1:1200/bilibili/user/video/29404012
巅峰球迷汇,Videos/最娱乐,http://127.0.0.1:1200/bilibili/user/video/365372809
MrBeast官方账号,Videos/最娱乐,http://127.0.0.1:1200/bilibili/user/video/1027737427
泛式,Videos/最娱乐,http://127.0.0.1:1200/bilibili/user/video/63231
贝拉kira,Videos/最娱乐,http://127.0.0.1:1200/bilibili/user/video/672353429
-LKs-,Videos/最娱乐,http://127.0.0.1:1200/bilibili/user/video/125526
真实球迷汇,Videos/最娱乐,http://127.0.0.1:1200/bilibili/user/video/108618052
李滇滇,Videos/最娱乐,http://127.0.0.1:1200/bilibili/user/video/3546676667091128
影视飓风,Videos/最娱乐,http://127.0.0.1:1200/bilibili/user/video/946974
猫眼看足球,Videos/绝活娱乐,http://127.0.0.1:1200/bilibili/user/video/456249922
陈大东瓜,Videos/绝活娱乐,http://127.0.0.1:1200/bilibili/user/video/269288799
司马尘,Videos/绝活娱乐,http://127.0.0.1:1200/bilibili/user/video/334932680
是啤酒鸭-梗图,Videos/绝活娱乐,http://127.0.0.1:1200/bilibili/user/video/1073153713
MOJi辞書,Videos/绝活娱乐,http://127.0.0.1:1200/bilibili/user/video/6697975
Gray格雷老师,Videos/绝活娱乐,http://127.0.0.1:1200/bilibili/user/video/591610354
你是想气死1酱么,Videos/绝活娱乐,http://127.0.0.1:1200/bilibili/user/video/375040863
Boo布姐自译,Videos/绝活娱乐,http://127.0.0.1:1200/bilibili/user/video/3493128048740395
冲男阿凉,Videos/绝活娱乐,http://127.0.0.1:1200/bilibili/user/video/239060440
杰克森Jackson_,Videos/绝活娱乐,http://127.0.0.1:1200/bilibili/user/video/13174980
半只笨猪,Videos/绝活娱乐,http://127.0.0.1:1200/bilibili/user/video/498505577
脱口秀_Talk_Show,Videos/绝活娱乐,http://127.0.0.1:1200/bilibili/user/video/514207628
罗翔说刑法,Videos/绝活娱乐,http://127.0.0.1:1200/bilibili/user/video/517327498
付航脱口秀精选,Videos/绝活娱乐,http://127.0.0.1:1200/bilibili/user/video/3493286857673111
戴建业老师,Videos/绝活娱乐,http://127.0.0.1:1200/bilibili/user/video/532741557
听泉赏宝,Videos/绝活娱乐,http://127.0.0.1:1200/bilibili/user/video/3546592976046554
灯果,Videos/绝活娱乐,http://127.0.0.1:1200/bilibili/user/video/4748646
隔壁红魔,Videos/绝活娱乐,http://127.0.0.1:1200/bilibili/user/video/432174249
管泽元,Videos/绝活娱乐,http://127.0.0.1:1200/bilibili/user/video/271338616
白马繁华,Videos/绝活娱乐,http://127.0.0.1:1200/bilibili/user/video/251054248
咖啡醉足球,Videos/绝活娱乐,http://127.0.0.1:1200/bilibili/user/video/436553623
单弦震脉,Videos/绝活娱乐,http://127.0.0.1:1200/bilibili/user/video/5316213
米国脱口秀,Videos/绝活娱乐,http://127.0.0.1:1200/bilibili/user/video/142371069
付航脱口秀,Videos/绝活娱乐,http://127.0.0.1:1200/bilibili/user/video/57592895
峡谷玄学家,Videos/绝活娱乐,http://127.0.0.1:1200/bilibili/user/video/3493128455587886
AI Foundations,Videos,https://www.youtube.com/feeds/videos.xml?channel_id=UCWZwfV3ICOt3uEPpW6hYK4g
司机社综合周排行榜,Videos,http://127.0.0.1:1200/xsijishe/rank/weekly
司机社综合月排行榜,Videos,http://127.0.0.1:1200/xsijishe/rank/monthly
Andrej Karpathy - YouTube,Videos,http://127.0.0.1:1200/youtube/user/@AndrejKarpathy
Lex Fridman - YouTube,Videos,http://127.0.0.1:1200/youtube/user/%40lexfridman
