_run,cluster_status,cluster_title,core_facts,item_count,known_angles,representative_items
final_300,active,"Research Focus: AI agents leaking enterprise data, a smarter OS for cloud deployment, and new resear...","[""Research Focus: AI agents leaking enterprise data, a smarter OS for cloud deployment, and new research on how to actually structure AI use at work. msft.it/6016vKxQm Your browser does not support the video tag. 🔗 View on Twitter 💬 7 🔄 13 ❤️ 50 👀 9018 📊 18 ⚡ Powered by xgo.ing""]",1,[],"[""item_2fd731e980504b92bcb3e87e7cc828ad""]"
final_300,active,Local LLM execution demo,"[""NVIDIA AI posted about running a 121B model locally on DGX Spark, with Hermes agent autonomously running tests and reporting results.""]",1,[],"[""item_3586ece7f7dd4d0ea65773c4f304d370""]"
final_300,active,Ray Dalio on the battle between feelings and rational thinking,"[""Ray Dalio tweets about the conflict between subconscious feelings (amygdala) and conscious rational thinking (prefrontal cortex).""]",1,[],"[""item_20646704dff34c81be8f0574610f4612""]"
final_300,active,Notebooks integration with Gemini App launched,"[""NotebookLM announces that notebooks are now available in the Gemini App for Free and Paid users on mobile, with expansion to more countries and free users planned.""]",1,[],"[""item_9ac7138b5a254e63a242469ef2e3b0b7""]"
final_300,active,Mem0 and BasisSet 2026 AI Fellowship opening,"[""Mem0 partners with BasisSet for 2026 AI Fellowship on agentic memory track; apply by May 1.""]",1,[],"[""item_f452aeb604f1408b9cefb23d173ab32f""]"
final_300,active,Mike Krieger on AI & I podcast,"[""Mike Krieger discusses building agent-native products with Dan Shipper on the AI & I podcast.""]",1,[],"[""item_9f15a4e890b248438ad2edf69e07f0c0""]"
final_300,active,The Book of Elon by Eric Jorgenson,"[""Promotion of 'The Book of Elon' by Eric Jorgenson, a compilation of Elon Musk's ideas.""]",1,[],"[""item_c4265f28396b4865bdeefbf7afd99dc8""]"
final_300,active,"LM Performance：With only 27B parameters, Qwen3.6-27B outperforms the Qwen3.5-397B-A17B (397B total /...","[""LM Performance：With only 27B parameters, Qwen3.6-27B outperforms the Qwen3.5-397B-A17B (397B total / 17B active, ~15x larger!) on every major coding benchmark — including SWE-bench Verified (77.2 vs. 76.2), SWE-bench Pro (53.5 vs. 50.9), Terminal-Bench 2.0 (59.3 vs. 52.5), and SkillsBench (48.2 vs. 30.0). It also surpasses all peer-scale dense models by a w…""]",1,[],"[""item_7e380ba74030420b8b1775d2ace0bb08""]"
final_300,active,Recraft shares image generation prompts for campaign style,"[""Recraft posts 4 example prompts for generating images with specific styles and text overlays.""]",1,[],"[""item_13129eb757e54a268b774cbb0771d3e1""]"
final_300,active,Qdrant attending AI Dev Conference,"[""Qdrant is live at AI Dev Conference, inviting attendees to visit their booth.""]",1,[],"[""item_d4b901574ed248ada87c4e4017af5407""]"
final_300,active,𝗬𝗼𝘂𝗿 𝗖𝗹𝗮𝘂𝗱𝗲 𝗖𝗼𝗱𝗲 𝗺𝗶𝗴𝗵𝘁 𝗯𝗲 𝗾𝘂𝗶𝗲𝘁𝗹𝘆 𝘄𝗿𝗶𝘁𝗶𝗻𝗴 𝘁𝗵𝗲 𝘄𝗿𝗼𝗻𝗴 ...,"[""𝗬𝗼𝘂𝗿 𝗖𝗹𝗮𝘂𝗱𝗲 𝗖𝗼𝗱𝗲 𝗺𝗶𝗴𝗵𝘁 𝗯𝗲 𝗾𝘂𝗶𝗲𝘁𝗹𝘆 𝘄𝗿𝗶𝘁𝗶𝗻𝗴 𝘁𝗵𝗲 𝘄𝗿𝗼𝗻𝗴 𝗠𝗶𝗹𝘃𝘂𝘀 𝗰𝗼𝗱𝗲. 𝗛𝗼𝘄𝗲𝘃𝗲𝗿, 𝘆𝗼𝘂 𝗰𝗮𝗻 𝗿𝗲𝗱𝘂𝗰𝗲 𝘁𝗵𝗶𝘀 𝘄𝗶𝘁𝗵 𝘁𝗵𝗲 𝗠𝗶𝗹𝘃𝘂𝘀 𝗦𝗸𝗶𝗹𝗹. Claude Code writes the wrong code because it could be confidently hallucinating details. 𝗖𝗼𝗺𝗺𝗼𝗻 𝗳𝗮𝗶𝗹𝘂𝗿𝗲 𝗽𝗼𝗶𝗻𝘁𝘀: • Collection schema: wrong field type, missing analyzer config, or bad primary-key setup. • BM25 full-text search: missing Functio…""]",1,[],"[""item_a8d9bf92985a4204a3cb45c78687954a""]"
final_300,active,Anthropic announcement and WSJ scoop,"[""The Rundown AI tweeted about an announcement from Anthropic and a WSJ scoop.""]",1,[],"[""item_d6597d16facc4c20b1ecde20f7b5c8e5""]"
final_300,active,Critique of government Innovation Centers,"[""You can't get the same effect from the Innovation Center set up by the provincial government. You have to fill out forms to get space there, it's locked at night, and you can't make holes in the walls. You might even have to deal with bureaucrats hired to help you.""]",1,[],"[""item_7249afecd6ea4714b0e9b396bb5e9ed7""]"
final_300,active,Gumroad hiring trial design engineers,"[""Gumroad (Gumclaw) is hiring design engineers for a trial period, with potential remote continuation.""]",1,[],"[""item_032bb0dd80fe46a4961411cd78e46918""]"
final_300,active,SAIL opens applications for Postdoctoral Fellowships,"[""SAIL is accepting applications for SAIL Postdoctoral Fellowships; full consideration by December 15.""]",1,[],"[""item_a7f4d07c11ef490899325e77b1a6aa4d""]"
final_300,active,Commentary on Hollywood AI sentiment and Chinese cdrama,"[""Richard Socher comments on Hollywood's anti-AI sentiment and quotes Susan Zhang describing a Chinese cdrama about solar power and brain-computer interfaces.""]",1,[],"[""item_fa3d13b9305a4f7d8982798d0138354c""]"
final_300,active,History of tensor engine naming conventions,"[""Yann LeCun recounts the history of the tensor engine and naming conventions from SN3 (Lush) in 1992 to PyTorch.""]",1,[],"[""item_002d2254c8824601b74bc973e71cd884""]"
final_300,active,Technical deep dive on RLHF precision mismatch,"[""Thomas Wolf and Amine Dirhoussi present a deep dive into a numerical precision issue in RLHF when training in FP32 and inference in BF16. They decompose the importance sampling ratio into policy change and precision gap, finding that the precision gap is structured and correlated with advantage, but disabling clipping resolves the issue.""]",1,[],"[""item_f14ce30de1434ed5893a8a81e2da1fe0""]"
final_300,active,Windsurf promotes GPT-5.5,"[""Windsurf promotes GPT-5.5, claiming it is a giant leap for handling ambiguity and key for long-horizon tasks in parallel agents.""]",1,[],"[""item_c9c4f9840a1b4c309a184fcecb5cb84f""]"
final_300,active,Jeff Dean speaking at Startup School 2026,"[""Y Combinator announced that Jeff Dean will speak at Startup School 2026.""]",1,[],"[""item_e36ed39b9d6248af99c2a9bcc123e893""]"
smoke_c3,active,"Recraft V4 helps you create expressive, story-driven scenes full of awkward timing, emotional chaos,...","[""Recraft V4 helps you create expressive, story-driven scenes full of awkward timing, emotional chaos, and painfully relatable moments — all in one consistent illustration style. Prompts ↓ 💬 3 🔄 3 ❤️ 47 👀 2720 📊 17 ⚡ Powered by xgo.ing""]",2,[],"[""item_82c8ccc6d922402cbcf4449022e582a4""]"
smoke_c3,active,what would you most like to see improve in our next model?,[],1,[],"[""item_b71eb01a139740b689b80f89528b5c43""]"
smoke_c3,active,Panthalassa funding announcement,"[""Panthalassa raised $140 million led by Peter Thiel for wave-powered AI compute in the ocean.""]",1,[],"[""item_4b8e4cea9d5a4833bbe7f0add1b9c181""]"
smoke_c3,active,Holding people accountable means understanding them and their circumstances well enough to assess whether they can and should do some things differently...,"[""Ray Dalio discusses accountability and promotes interacting with his digital twin.""]",1,[],"[""item_d64d8ae3fb564c4faf0e3307dd663434""]"
smoke_c3,active,xAI/Anthropic Colossus data center deal,"[""Anthropic gets Colossus 1."", ""xAI keeps Colossus 2."", ""The deal has a bad environmental record."", ""xAI shut down older models on 2 weeks' notice.""]",1,"[""Analysis highlights under-reported environmental and business implications.""]","[""item_83560ef4299b4e93a8c91cc9286b24c5""]"
smoke_c3,active,AI news roundup from The Rundown AI,"[""The Rundown AI summarizes top AI stories including Googlebooks, Gemini Intelligence for Android, Google talks with SpaceX, Claude Code as analyst, Amazon's AI scoreboard, and 4 new AI tools.""]",1,[],"[""item_37902fd59a1e42debf5fc2f25d7a2406""]"
smoke_c3,active,Adialante launch of mobile MRI,"[""Adialante launches mobile MRI to make cancer screening accessible, dropping costs to hundreds per scan and wait times to hours.""]",1,[],"[""item_8e688e6a932f4d32927f6b1af97ce0f9""]"
smoke_c3_iter2,active,"Recraft V4 helps you create expressive, story-driven scenes full of awkward timing, emotional chaos,...","[""Recraft V4 helps you create expressive, story-driven scenes full of awkward timing, emotional chaos, and painfully relatable moments — all in one consistent illustration style. Prompts ↓ 💬 3 🔄 3 ❤️ 47 👀 2720 📊 17 ⚡ Powered by xgo.ing""]",3,[],"[""item_ecb2725d671749cab9933fb836cfd0d5""]"
smoke_c3_iter2,active,what would you most like to see improve in our next model?,[],1,[],"[""item_c712ff5cef3e421db70f5146d235c11c""]"
smoke_c3_iter2,active,Grok 4.3 release,"[""xAI announces Grok 4.3 on the API, claiming it tops leaderboards in agentic tool calling and instruction following, ranks #1 in enterprise domains, supports 1M token context, and is priced at $1.25/m input and $2.50/m output.""]",1,[],"[""item_1b71b0dbfc2e4244b9dd367eb0c48368""]"
smoke_c3_iter2,active,Give me someone who can be responsible for an entire area,"[""Ray Dalio shares a principle about hiring senior managers who can handle an entire area, design, hire, and sort to achieve goals.""]",1,[],"[""item_e708151c4c9441769550c7cb193e1d53""]"
smoke_c3_iter2,active,AI-native discovery engine development,"[""Frontier models have reached PhD-level scientific reasoning, enabling closed discovery loops.""]",1,[],"[""item_e4ac47141d1d4fa49f8e298fe2bf85a6""]"
smoke_c3_iter2,active,AI news digest,"[""Digest of AI news: New Googlebooks, Gemini Intelligence for Android, Google circles SpaceX for orbital AI compute, Claude Code as Wall Street analyst, Amazon AI scoreboard, and more.""]",1,[],"[""item_bfb89d30b6a44b9c9978d61148575cb3""]"
smoke_c3_iter2,active,GPT-5.5 and GPT Image 2 available on Skywork,"[""GPT-5.5 and GPT Image 2 are now available in Skywork, OpenAI's latest models.""]",1,[],"[""item_af5e63272e374d69a54a9d51f005599b""]"
smoke_c3_iter2,active,Possible Bun port from Zig to Rust,"[""Simon Willison notes that Bun appears to be exploring a port from Zig to Rust based on a PORTING.md guide for coding agents.""]",1,[],"[""item_27881692a5774afdb2f65f66660d024f""]"
smoke_c3_iter2,active,Adialante launches mobile MRI for cancer screening,"[""Adialante is making mobile MRI accessible, cutting costs to hundreds per scan and wait times to hours, aiming for annual cancer screening.""]",1,[],"[""item_8b5e5c4d6e4e48bb8fcf5beb69063bac""]"
hotspots_150_c3,active,“What did you build this week?” is the new “what did you get done this week?”,"[""“What did you build this week?” is the new “what did you get done this week?” 💬 469 🔄 668 ❤️ 7939 👀 242459 📊 1196 ⚡ Powered by xgo.ing""]",1,[],"[""item_c9a8af335e2949ae839e0f5fa9442506""]"
hotspots_150_c3,active,Recraft shares image generation prompts,"[""Recraft shares four photorealistic scene prompts: still life in garden, hand with ladybug, feet with daisy, and portrait with wildflowers.""]",2,[],"[""item_a8c00e74193042c8854fce2496143e75""]"
hotspots_150_c3,active,Northwestern modular robot legs research announcement,"[""Northwestern researchers built modular robot legs with own battery, motor, sensors, and brain. Single module can jump, roll, turn. Multiple modules form different robots. Behaviors learned in simulation transferred to real world with zero fine-tuning. Goal: mass-produce parts like Lego bricks.""]",1,[],"[""item_03964bb598984b3ea20bc88d9850ad49""]"
hotspots_150_c3,active,Jensen Huang speaks on open source and AI security at Milken Institute,"[""NVIDIA AI posts Jensen Huang's remarks at Milken Institute Global Conference: open source is good for developers and AI security, more models means more defenders.""]",1,[],"[""item_91722acebd5c44a2a6095c94e9d97298""]"
hotspots_150_c3,active,NASA Artemis II photo release,"[""User comments on NASA providing 4K Artemis II photos on X while offering only 2K on their website.""]",1,[],"[""item_d275d8487626431c8977d29991d3026c""]"
hotspots_150_c3,active,Microsoft extends GPT-5.5 integration into M365 Copilot and Foundry,"[""Satya Nadella announces M365 Copilot supports GPT-5.5 with Work IQ for reasoning over work data, and Foundry enables building enterprise applications with GPT-5.5.""]",1,[],"[""item_09790e78e85f453a82790536611802ca""]"
hotspots_150_c3,active,Qwen3.6 Plus launched on Poe,"[""Qwen3.6 Plus is now live on Poe, delivering advanced vision-language performance with gains in code-heavy workflows and stronger multimodal understanding including improved OCR and object localization.""]",1,[],"[""item_bf701e24104d42f380f58ca9e6ac45cb""]"
hotspots_150_c3,active,Richard Socher on accelerating science with AI,"[""Richard Socher tweeted about the need to accelerate science using AI, praising a paper by Zechen Zhang as a useful step toward training the entire scientific endeavor.""]",1,[],"[""item_9741b278777c4d1ca7c87cec40083a54""]"
hotspots_150_c3,active,Bun exploring port from Zig to Rust,"[""Simon Willison notes Bun may be exploring a port from Zig to Rust based on a PORTING.md guide for coding agents.""]",1,[],"[""item_1d9d43a6e87a41b19946bf638694764c""]"
hotspots_150_c3,active,LeCun's opinion on AI and labor market,"[""Yann LeCun criticizes Dario (likely Dario Amodei) on AI labor market impact, recommending economists instead.""]",1,[],"[""item_e67d1041d3bb43e88936fe870f5127a2""]"
hotspots_150_c3,active,Tensor engine origins: SN3 (Lush) at Bell Labs 1992,"[""Tensor engine first implemented inside SN3 (later called Lush) in 1992 at Bell Labs by Léon Bottou and Yann LeCun."", ""Naming conventions from that project survived in PyTorch and other libraries."", ""Naming of tensor operations reused in EBlearn C++ deep learning library.""]",1,[],"[""item_ab032f5999a94763a72ae80978bce4cc""]"
hotspots_150_c3,active,Adialante launch,"[""Adialante makes mobile MRI accessible, dropping costs to hundreds per scan and wait times to hours, aiming to make annual cancer screening the norm.""]",1,[],"[""item_6452e695138e4a8aaee8e78e104b3283""]"
hotspots_150_c2,active,“What did you build this week?” is the new “what did you get done this week?”,"[""“What did you build this week?” is the new “what did you get done this week?” 💬 469 🔄 668 ❤️ 7939 👀 242459 📊 1196 ⚡ Powered by xgo.ing""]",1,[],"[""item_5b65ccc67b0d4bff8cc40157c98c3b81""]"
hotspots_150_c2,active,"Prompt 1: Photorealistic still life scene in a lush garden, a glass vase with soft hydrangea flowers...","[""Post from Recraft sharing 4 detailed prompts for photorealistic image generation.""]",1,[],"[""item_0bf83457f0544f8fa5f47692ddd78494""]"
hotspots_150_c2,active,Jensen Huang on open source and AI security at Milken Conference,"[""NVIDIA AI posts Jensen Huang's statement at Milken Institute Global Conference: open source is a strong tool for AI security because more models mean more defenders.""]",1,[],"[""item_e2e5d759024140468872c47d687236b8""]"
hotspots_150_c2,active,Composer 2 launch in Cursor,"[""A user quotes Cursor's announcement that Composer 2, a frontier-level model, is now available in Cursor.""]",1,[],"[""item_60bd03cd19e14c6a9c615915e76b3545""]"
hotspots_150_c2,active,Battle Between Feelings and Rational Thinking,"[""Ray Dalio discusses the battle between subconscious feelings (amygdala) and conscious rational thinking (prefrontal cortex).""]",1,[],"[""item_276193c4819f4571b5cbfb76b4def1dc""]"
hotspots_150_c2,active,Stanford AI Lab at ICLR 2026,"[""Stanford AI Lab announces its full list of papers at ICLR 2026, covering LLM reasoning, agentic systems, AI safety, robotics, spatial intelligence, video generation, and more.""]",1,[],"[""item_a7327bc6efec40ceab9bbeef4ea37aac""]"
hotspots_150_c2,active,Meta explores space-based solar to power AI data centers via Overview Energy,"[""Rowan Cheung reports Meta's plan to use Overview Energy's satellites to beam solar power from space to ground solar farms for AI data centers, enabling 24/7 renewable energy.""]",1,[],"[""item_f74a120b79694fc99639edbd653a8d27""]"
hotspots_150_c2,active,Bun may be exploring port from Zig to Rust,"[""Simon Willison tweets that Bun appears to be exploring a port from Zig to Rust, citing a PORTING.md guide for coding agents in the repository.""]",1,[],"[""item_6f0294bf5c0f46dfacb5f76e16119cca""]"
hotspots_150_c2,active,Mem0 OpenClaw Plugin update,"[""Taranjeet announced Mem0 OpenClaw Plugin v1.0.4 with 8 built-in tools, session-based and persistent long-term memory, and multi-agent memory support.""]",1,[],"[""item_38f5d124783646fdbb5ba00f50d4b001""]"
hotspots_150_c2,active,Anthropic surpasses OpenAI in enterprise AI subscription share,"[""Per Ramp's AI Index, Anthropic surpassed OpenAI in April with 34.4% vs 32.3% market share among U.S. businesses with paid AI subscriptions.""]",1,[],"[""item_8bf9c234cc1c4eca82425fd7add7f764""]"
hotspots_150_c2,active,Account actions regarding Antigravity unrelated usage,"[""Varun Mohan apologizes for lack of warning before taking action on accounts where >90% of usage was not the Antigravity product, and states they will improve.""]",1,[],"[""item_c55b9dca4baf4fe997772528d4c35680""]"
hotspots_150_c2,active,Trump proposes NSF budget cut,"[""Yann LeCun criticizes Trump's proposal to reduce NSF budget by 50%, arguing it would decimate American scientific research ecosystem.""]",1,[],"[""item_0b4ef31502a84a5e92c59d0f7ed2b79d""]"
hotspots_150_c4,active,“What did you build this week?” is the new “what did you get done this week?”,"[""“What did you build this week?” is the new “what did you get done this week?” 💬 469 🔄 668 ❤️ 7939 👀 242459 📊 1196 ⚡ Powered by xgo.ing""]",1,[],"[""item_d189fbcb13264bac9b9fedc327c448c1""]"
hotspots_150_c4,active,Replit announces Episode 2 of Race To Revenue,"[""Replit promotes the upcoming Episode 2 of Race To Revenue, a show featuring two builders racing to revenue.""]",1,[],"[""item_bcce6c3023b14aa8b448ad26522adec8""]"
hotspots_150_c4,active,"Suhail reflects on exploring robotics, space rovers, and AI research","[""Suhail shares his experience exploring various ideas including interning at a robotics startup, lunar space rovers, and building an autonomous AI researcher.""]",1,[],"[""item_0f9683e9914c4ba6a6a2e178fa513a00""]"
hotspots_150_c4,active,"Richard Socher argues automation scales industries, not ends them","[""Richard Socher comments on a historical banned 'soulless music machine', arguing that automation maximizes outputs and equalizes access.""]",1,[],"[""item_773f2f6095d641cdb3b894cc9731eafc""]"
hotspots_150_c4,active,NASA Artemis II wallpaper availability,"[""User notes that NASA provides 4K wallpapers on X but only 2K on official website, quoting NASA's Artemis II photos.""]",1,[],"[""item_1f2ae285ecc8409cba88a030b1ed5033""]"
hotspots_150_c4,active,Attendance at AI Dev Conference by Qdrant,"[""Qdrant is attending AI Dev Conference, inviting visitors to their booth.""]",1,[],"[""item_c275845dfff54b02983bd27824a59397""]"
hotspots_150_c4,active,Launch of Composer 2 by Cursor,"[""Composer 2 is now available in Cursor, described as frontier-level intelligence model.""]",1,[],"[""item_69019e546ad94c21bc21b7c98706fb91""]"
hotspots_150_c4,active,Battle Between Feelings and Rational Thinking,"[""Ray Dalio discusses the battle between feelings (amygdala) and rational thinking (prefrontal cortex).""]",1,[],"[""item_0941a53215204d0d8a3c8e5956c7c7db""]"
hotspots_150_c4,active,DeepSeek V4 bug fix coordinated across companies,"[""The DeepSeek V4 garbled output bug in the open-source inference engine SGLang has been fixed, with contributions from multiple companies.""]",1,[],"[""item_7173e2c9fa274013b2359b06515a0fb7""]"
hotspots_150_c4,active,Gumroad hiring design engineers for quarterly NYC stints,"[""Gumroad is looking to hire design engineers for approximately 2 weeks every quarter, paid at full-time rate of $189k/yr or $7,200 plus housing/flights, working from Gumroad's NYC office. Email @Gumclaw to apply.""]",1,[],"[""item_46c38bf5077f4cc882efbad0fc7026af""]"
hotspots_150_c4,active,Microsoft Copilot adoption metrics update,"[""Satya Nadella reports over 20 million M365 Copilot seats, nearly 140,000 orgs using GitHub Copilot, and 2X growth in Security Copilot customers year-over-year.""]",1,[],"[""item_ed605aa16cf74385bb1b59e760e012d6""]"
hotspots_150_c4,active,Jared Zoneraich joins Cognition,"[""Scott Wu welcomes Jared Zoneraich to Cognition; Zoneraich previously founded PromptLayer.""]",1,[],"[""item_434416a9a8e84376a66ebbe769d92fae""]"
hotspots_150_c4,active,Anthropic surpasses OpenAI in enterprise AI market share,"[""Anthropic surpassed OpenAI in enterprise AI subscription market share in April, per Ramp's AI Index.""]",1,[],"[""item_c8c2fbad06ea4241a8083e044b8b5bc0""]"
hotspots_150_c4,active,Weaviate and StackAI release guardrail guide,"[""Weaviate and StackAI announce a guide covering four critical guardrail patterns for production-grade agentic workflows: Adaptive Feedback Loops, Corrective Action, Human in the Loop, and Emergency Stop.""]",1,[],"[""item_87651cf91e3d488d87bb2b9104e7b270""]"
hotspots_150_c4,active,Announcement and discussion of ml-intern agent for automated post-training,"[""Thomas Wolf highlights ml-intern, an agent that automates post-training, with results on GPQA (10% to 32% in under 10 hours), HealthBench (beat Codex by 60%), and competitive math (GRPO).""]",1,[],"[""item_d1ffefe2b601456aa8fb5a33e2d7e9fe""]"
hotspots_150_c4,active,Lush/SN homegrown Lisp interpreter,"[""Yann LeCun noted that Lush/SN used a homegrown Lisp interpreter with a compiler added in the early 1990s.""]",1,[],"[""item_75f5fba696a9493191f42974f556e07b""]"
hotspots_150_c4,active,GPT-5.5 released with improved ambiguity handling,"[""GPT-5.5 is a leap forward in handling ambiguity compared to previous GPT models."", ""Windsurf 2.0 focuses on parallel agents, and GPT-5.5 is key for long-horizon tasks, excelling at understanding intent and executing with minimal back-and-forth.""]",1,[],"[""item_17e326bf987a49559a492dda6f0bd2eb""]"
